{
  "loginDetails": [
    {
      "username": "dvadmin@wipro.com",
      "password": "wipro123",
      "partyType": "DVADMIN",
      "sourceOrgId": "admin-0162-4afa-85bc-cee323b49bfa"
    },
    {
      "username": "dvadmin1@wipro.com",
      "password": "wipro123",
      "partyType": "DVADMIN",
      "sourceOrgId": "admin-0162-4afa-85bc-cee323b49bfa"
    },
    {
      "username": "dvadmin3@wipro.com",
      "password": "wipro123",
      "partyType": "DVADMIN",
      "sourceOrgId": "admin-0162-4afa-85bc-cee323b49bfa"
    }
  ]
}
